tag,raw_folder_exists,n_json_files,first_json_file,last_json_file,manifest_status_if_available,failed_windows_if_available,page_cap_hit_if_available,status
.net,True,18,dotnet_2025-01-01T00-00-00Z_2026-01-01T00-00-00Z_page001.json,dotnet_2025-01-01T00-00-00Z_2026-01-01T00-00-00Z_page018.json,complete:1,0,0,ok_raw_present
.net-core,True,5,dotnet-core_2025-01-01T00-00-00Z_2026-01-01T00-00-00Z_page001.json,dotnet-core_2025-01-01T00-00-00Z_2026-01-01T00-00-00Z_page005.json,complete:1,0,0,ok_raw_present
ajax,True,16,ajax_2025-01-01T00-00-00Z_2025-02-01T00-00-00Z_page001.json,ajax_2025-12-01T00-00-00Z_2026-01-01T00-00-00Z_page001.json,complete:17,0,0,ok_raw_present
algorithm,True,5,algorithm_2025-01-01T00-00-00Z_2026-01-01T00-00-00Z_page001.json,algorithm_2025-01-01T00-00-00Z_2026-01-01T00-00-00Z_page005.json,complete:1,0,0,ok_raw_present
amazon-web-services,True,12,amazon-web-services_2025-01-01T00-00-00Z_2026-01-01T00-00-00Z_page001.json,amazon-web-services_2025-01-01T00-00-00Z_2026-01-01T00-00-00Z_page012.json,complete:1,0,0,ok_raw_present
android,True,46,android_2025-01-01T00-00-00Z_2026-01-01T00-00-00Z_page001.json,android_2025-01-01T00-00-00Z_2026-01-01T00-00-00Z_page046.json,complete:1,0,0,ok_raw_present
android-studio,True,5,android-studio_2025-01-01T00-00-00Z_2026-01-01T00-00-00Z_page001.json,android-studio_2025-01-01T00-00-00Z_2026-01-01T00-00-00Z_page005.json,complete:1,0,0,ok_raw_present
angular,True,22,angular_2025-01-01T00-00-00Z_2026-01-01T00-00-00Z_page001.json,angular_2025-01-01T00-00-00Z_2026-01-01T00-00-00Z_page022.json,complete:1,0,0,ok_raw_present
apache-spark,True,5,apache-spark_2025-01-01T00-00-00Z_2026-01-01T00-00-00Z_page001.json,apache-spark_2025-01-01T00-00-00Z_2026-01-01T00-00-00Z_page005.json,complete:1,0,0,ok_raw_present
arrays,True,8,arrays_2025-01-01T00-00-00Z_2026-01-01T00-00-00Z_page001.json,arrays_2025-01-01T00-00-00Z_2026-01-01T00-00-00Z_page008.json,complete:1,0,0,ok_raw_present
asp.net,True,4,aspdotnet_2025-01-01T00-00-00Z_2026-01-01T00-00-00Z_page001.json,aspdotnet_2025-01-01T00-00-00Z_2026-01-01T00-00-00Z_page004.json,complete:1,0,0,ok_raw_present
asp.net-core,True,12,aspdotnet-core_2025-01-01T00-00-00Z_2026-01-01T00-00-00Z_page001.json,aspdotnet-core_2025-01-01T00-00-00Z_2026-01-01T00-00-00Z_page012.json,complete:1,0,0,ok_raw_present
asp.net-mvc,True,2,aspdotnet-mvc_2025-01-01T00-00-00Z_2026-01-01T00-00-00Z_page001.json,aspdotnet-mvc_2025-01-01T00-00-00Z_2026-01-01T00-00-00Z_page002.json,complete:1,0,0,ok_raw_present
azure,True,24,azure_2025-01-01T00-00-00Z_2026-01-01T00-00-00Z_page001.json,azure_2025-01-01T00-00-00Z_2026-01-01T00-00-00Z_page024.json,complete:1,0,0,ok_raw_present
bash,True,6,bash_2025-01-01T00-00-00Z_2026-01-01T00-00-00Z_page001.json,bash_2025-01-01T00-00-00Z_2026-01-01T00-00-00Z_page006.json,complete:1,0,0,ok_raw_present
c,True,22,c_2025-01-01T00-00-00Z_2026-01-01T00-00-00Z_page001.json,c_2025-01-01T00-00-00Z_2026-01-01T00-00-00Z_page022.json,complete:1,0,0,ok_raw_present
c#,True,60,csharp_2025-01-01T00-00-00Z_2026-01-01T00-00-00Z_page001.json,csharp_2025-01-01T00-00-00Z_2026-01-01T00-00-00Z_page060.json,complete:1,0,0,ok_raw_present
c++,True,48,cplusplus_2025-01-01T00-00-00Z_2026-01-01T00-00-00Z_page001.json,cplusplus_2025-01-01T00-00-00Z_2026-01-01T00-00-00Z_page048.json,complete:1,0,0,ok_raw_present
css,True,29,css_2025-01-01T00-00-00Z_2026-01-01T00-00-00Z_page001.json,css_2025-01-01T00-00-00Z_2026-01-01T00-00-00Z_page029.json,complete:1,0,0,ok_raw_present
csv,True,3,csv_2025-01-01T00-00-00Z_2026-01-01T00-00-00Z_page001.json,csv_2025-01-01T00-00-00Z_2026-01-01T00-00-00Z_page003.json,complete:1,0,0,ok_raw_present
dart,True,11,dart_2025-01-01T00-00-00Z_2026-01-01T00-00-00Z_page001.json,dart_2025-01-01T00-00-00Z_2026-01-01T00-00-00Z_page011.json,complete:1,0,0,ok_raw_present
database,True,5,database_2025-01-01T00-00-00Z_2026-01-01T00-00-00Z_page001.json,database_2025-01-01T00-00-00Z_2026-01-01T00-00-00Z_page005.json,complete:1,0,0,ok_raw_present
dataframe,True,9,dataframe_2025-01-01T00-00-00Z_2026-01-01T00-00-00Z_page001.json,dataframe_2025-01-01T00-00-00Z_2026-01-01T00-00-00Z_page009.json,complete:1,0,0,ok_raw_present
dictionary,True,2,dictionary_2025-01-01T00-00-00Z_2026-01-01T00-00-00Z_page001.json,dictionary_2025-01-01T00-00-00Z_2026-01-01T00-00-00Z_page002.json,complete:1,0,0,ok_raw_present
django,True,10,django_2025-01-01T00-00-00Z_2026-01-01T00-00-00Z_page001.json,django_2025-01-01T00-00-00Z_2026-01-01T00-00-00Z_page010.json,complete:1,0,0,ok_raw_present
docker,True,19,docker_2025-01-01T00-00-00Z_2025-02-01T00-00-00Z_page001.json,docker_2025-12-01T00-00-00Z_2026-01-01T00-00-00Z_page001.json,complete:17,0,0,ok_raw_present
excel,True,20,excel_2025-01-01T00-00-00Z_2026-01-01T00-00-00Z_page001.json,excel_2025-01-01T00-00-00Z_2026-01-01T00-00-00Z_page020.json,complete:1,0,0,ok_raw_present
express,True,4,express_2025-01-01T00-00-00Z_2026-01-01T00-00-00Z_page001.json,express_2025-01-01T00-00-00Z_2026-01-01T00-00-00Z_page004.json,complete:1,0,0,ok_raw_present
firebase,True,9,firebase_2025-01-01T00-00-00Z_2026-01-01T00-00-00Z_page001.json,firebase_2025-01-01T00-00-00Z_2026-01-01T00-00-00Z_page009.json,complete:1,0,0,ok_raw_present
flask,True,4,flask_2025-01-01T00-00-00Z_2026-01-01T00-00-00Z_page001.json,flask_2025-01-01T00-00-00Z_2026-01-01T00-00-00Z_page004.json,complete:1,0,0,ok_raw_present
flutter,True,31,flutter_2025-01-01T00-00-00Z_2026-01-01T00-00-00Z_page001.json,flutter_2025-01-01T00-00-00Z_2026-01-01T00-00-00Z_page031.json,complete:1,0,0,ok_raw_present
for-loop,True,2,for-loop_2025-01-01T00-00-00Z_2026-01-01T00-00-00Z_page001.json,for-loop_2025-01-01T00-00-00Z_2026-01-01T00-00-00Z_page002.json,complete:1,0,0,ok_raw_present
function,True,3,function_2025-01-01T00-00-00Z_2026-01-01T00-00-00Z_page001.json,function_2025-01-01T00-00-00Z_2026-01-01T00-00-00Z_page003.json,complete:1,0,0,ok_raw_present
ggplot2,True,6,ggplot2_2025-01-01T00-00-00Z_2026-01-01T00-00-00Z_page001.json,ggplot2_2025-01-01T00-00-00Z_2026-01-01T00-00-00Z_page006.json,complete:1,0,0,ok_raw_present
git,True,10,git_2025-01-01T00-00-00Z_2026-01-01T00-00-00Z_page001.json,git_2025-01-01T00-00-00Z_2026-01-01T00-00-00Z_page010.json,complete:1,0,0,ok_raw_present
go,True,7,go_2025-01-01T00-00-00Z_2026-01-01T00-00-00Z_page001.json,go_2025-01-01T00-00-00Z_2026-01-01T00-00-00Z_page007.json,complete:1,0,0,ok_raw_present
google-apps-script,True,5,google-apps-script_2025-01-01T00-00-00Z_2026-01-01T00-00-00Z_page001.json,google-apps-script_2025-01-01T00-00-00Z_2026-01-01T00-00-00Z_page005.json,complete:1,0,0,ok_raw_present
google-cloud-firestore,True,3,google-cloud-firestore_2025-01-01T00-00-00Z_2026-01-01T00-00-00Z_page001.json,google-cloud-firestore_2025-01-01T00-00-00Z_2026-01-01T00-00-00Z_page003.json,complete:1,0,0,ok_raw_present
google-cloud-platform,True,8,google-cloud-platform_2025-01-01T00-00-00Z_2026-01-01T00-00-00Z_page001.json,google-cloud-platform_2025-01-01T00-00-00Z_2026-01-01T00-00-00Z_page008.json,complete:1,0,0,ok_raw_present
google-sheets,True,7,google-sheets_2025-01-01T00-00-00Z_2026-01-01T00-00-00Z_page001.json,google-sheets_2025-01-01T00-00-00Z_2026-01-01T00-00-00Z_page007.json,complete:1,0,0,ok_raw_present
html,True,31,html_2025-01-01T00-00-00Z_2026-01-01T00-00-00Z_page001.json,html_2025-01-01T00-00-00Z_2026-01-01T00-00-00Z_page031.json,complete:1,0,0,ok_raw_present
ios,True,26,ios_2025-01-01T00-00-00Z_2026-01-01T00-00-00Z_page001.json,ios_2025-01-01T00-00-00Z_2026-01-01T00-00-00Z_page026.json,complete:1,0,0,ok_raw_present
java,True,58,java_2025-01-01T00-00-00Z_2026-01-01T00-00-00Z_page001.json,java_2025-01-01T00-00-00Z_2026-01-01T00-00-00Z_page058.json,complete:1,0,0,ok_raw_present
javascript,True,63,javascript_2025-01-01T00-00-00Z_2026-01-01T00-00-00Z_page001.json,javascript_2025-01-01T00-00-00Z_2026-01-01T00-00-00Z_page063.json,complete:1,0,0,ok_raw_present
jquery,True,5,jquery_2025-01-01T00-00-00Z_2026-01-01T00-00-00Z_page001.json,jquery_2025-01-01T00-00-00Z_2026-01-01T00-00-00Z_page005.json,complete:1,0,0,ok_raw_present
json,True,9,json_2025-01-01T00-00-00Z_2026-01-01T00-00-00Z_page001.json,json_2025-01-01T00-00-00Z_2026-01-01T00-00-00Z_page009.json,complete:1,0,0,ok_raw_present
keras,True,2,keras_2025-01-01T00-00-00Z_2026-01-01T00-00-00Z_page001.json,keras_2025-01-01T00-00-00Z_2026-01-01T00-00-00Z_page002.json,complete:1,0,0,ok_raw_present
kotlin,True,18,kotlin_2025-01-01T00-00-00Z_2026-01-01T00-00-00Z_page001.json,kotlin_2025-01-01T00-00-00Z_2026-01-01T00-00-00Z_page018.json,complete:1,0,0,ok_raw_present
kubernetes,True,5,kubernetes_2025-01-01T00-00-00Z_2026-01-01T00-00-00Z_page001.json,kubernetes_2025-01-01T00-00-00Z_2026-01-01T00-00-00Z_page005.json,complete:1,0,0,ok_raw_present
laravel,True,12,laravel_2025-01-01T00-00-00Z_2026-01-01T00-00-00Z_page001.json,laravel_2025-01-01T00-00-00Z_2026-01-01T00-00-00Z_page012.json,complete:1,0,0,ok_raw_present
linux,True,10,linux_2025-01-01T00-00-00Z_2026-01-01T00-00-00Z_page001.json,linux_2025-01-01T00-00-00Z_2026-01-01T00-00-00Z_page010.json,complete:1,0,0,ok_raw_present
list,True,3,list_2025-01-01T00-00-00Z_2026-01-01T00-00-00Z_page001.json,list_2025-01-01T00-00-00Z_2026-01-01T00-00-00Z_page003.json,complete:1,0,0,ok_raw_present
loops,True,17,loops_2025-01-01T00-00-00Z_2025-02-01T00-00-00Z_page001.json,loops_2025-12-01T00-00-00Z_2026-01-01T00-00-00Z_page001.json,complete:17,0,0,ok_raw_present
machine-learning,True,4,machine-learning_2025-01-01T00-00-00Z_2026-01-01T00-00-00Z_page001.json,machine-learning_2025-01-01T00-00-00Z_2026-01-01T00-00-00Z_page004.json,complete:1,0,0,ok_raw_present
macos,True,9,macos_2025-01-01T00-00-00Z_2026-01-01T00-00-00Z_page001.json,macos_2025-01-01T00-00-00Z_2026-01-01T00-00-00Z_page009.json,complete:1,0,0,ok_raw_present
matplotlib,True,5,matplotlib_2025-01-01T00-00-00Z_2026-01-01T00-00-00Z_page001.json,matplotlib_2025-01-01T00-00-00Z_2026-01-01T00-00-00Z_page005.json,complete:1,0,0,ok_raw_present
mongodb,True,5,mongodb_2025-01-01T00-00-00Z_2026-01-01T00-00-00Z_page001.json,mongodb_2025-01-01T00-00-00Z_2026-01-01T00-00-00Z_page005.json,complete:1,0,0,ok_raw_present
multithreading,True,6,multithreading_2025-01-01T00-00-00Z_2026-01-01T00-00-00Z_page001.json,multithreading_2025-01-01T00-00-00Z_2026-01-01T00-00-00Z_page006.json,complete:1,0,0,ok_raw_present
mysql,True,6,mysql_2025-01-01T00-00-00Z_2026-01-01T00-00-00Z_page001.json,mysql_2025-01-01T00-00-00Z_2026-01-01T00-00-00Z_page006.json,complete:1,0,0,ok_raw_present
node.js,True,21,nodedotjs_2025-01-01T00-00-00Z_2026-01-01T00-00-00Z_page001.json,nodedotjs_2025-01-01T00-00-00Z_2026-01-01T00-00-00Z_page021.json,complete:1,0,0,ok_raw_present
numpy,True,6,numpy_2025-01-01T00-00-00Z_2026-01-01T00-00-00Z_page001.json,numpy_2025-01-01T00-00-00Z_2026-01-01T00-00-00Z_page006.json,complete:1,0,0,ok_raw_present
opencv,True,17,opencv_2025-01-01T00-00-00Z_2025-02-01T00-00-00Z_page001.json,opencv_2025-12-01T00-00-00Z_2026-01-01T00-00-00Z_page001.json,complete:17,0,0,ok_raw_present
oracle-database,True,6,oracle-database_2025-01-01T00-00-00Z_2026-01-01T00-00-00Z_page001.json,oracle-database_2025-01-01T00-00-00Z_2026-01-01T00-00-00Z_page006.json,complete:1,0,0,ok_raw_present
pandas,True,11,pandas_2025-01-01T00-00-00Z_2026-01-01T00-00-00Z_page001.json,pandas_2025-01-01T00-00-00Z_2026-01-01T00-00-00Z_page011.json,complete:1,0,0,ok_raw_present
php,True,22,php_2025-01-01T00-00-00Z_2026-01-01T00-00-00Z_page001.json,php_2025-01-01T00-00-00Z_2026-01-01T00-00-00Z_page022.json,complete:1,0,0,ok_raw_present
postgresql,True,41,postgresql_2025-01-01T00-00-00Z_2025-02-01T00-00-00Z_page001.json,postgresql_2025-12-01T00-00-00Z_2026-01-01T00-00-00Z_page001.json,complete:17,0,0,ok_raw_present
powershell,True,12,powershell_2025-01-01T00-00-00Z_2026-01-01T00-00-00Z_page001.json,powershell_2025-01-01T00-00-00Z_2026-01-01T00-00-00Z_page012.json,complete:1,0,0,ok_raw_present
python,True,137,python_2025-01-01T00-00-00Z_2026-01-01T00-00-00Z_page001.json,python_2025-01-01T00-00-00Z_2026-01-01T00-00-00Z_page137.json,complete:1,0,0,ok_raw_present
python-3.x,True,10,python-3dotx_2025-01-01T00-00-00Z_2026-01-01T00-00-00Z_page001.json,python-3dotx_2025-01-01T00-00-00Z_2026-01-01T00-00-00Z_page010.json,complete:1,0,0,ok_raw_present
r,True,33,r_2025-01-01T00-00-00Z_2026-01-01T00-00-00Z_page001.json,r_2025-01-01T00-00-00Z_2026-01-01T00-00-00Z_page033.json,complete:1,0,0,ok_raw_present
react-native,True,19,react-native_2025-01-01T00-00-00Z_2026-01-01T00-00-00Z_page001.json,react-native_2025-01-01T00-00-00Z_2026-01-01T00-00-00Z_page019.json,complete:1,0,0,ok_raw_present
reactjs,True,33,reactjs_2025-01-01T00-00-00Z_2026-01-01T00-00-00Z_page001.json,reactjs_2025-01-01T00-00-00Z_2026-01-01T00-00-00Z_page033.json,complete:1,0,0,ok_raw_present
regex,True,5,regex_2025-01-01T00-00-00Z_2026-01-01T00-00-00Z_page001.json,regex_2025-01-01T00-00-00Z_2026-01-01T00-00-00Z_page005.json,complete:1,0,0,ok_raw_present
rest,True,4,rest_2025-01-01T00-00-00Z_2026-01-01T00-00-00Z_page001.json,rest_2025-01-01T00-00-00Z_2026-01-01T00-00-00Z_page004.json,complete:1,0,0,ok_raw_present
ruby,True,3,ruby_2025-01-01T00-00-00Z_2026-01-01T00-00-00Z_page001.json,ruby_2025-01-01T00-00-00Z_2026-01-01T00-00-00Z_page003.json,complete:1,0,0,ok_raw_present
ruby-on-rails,True,5,ruby-on-rails_2025-01-01T00-00-00Z_2026-01-01T00-00-00Z_page001.json,ruby-on-rails_2025-01-01T00-00-00Z_2026-01-01T00-00-00Z_page005.json,complete:1,0,0,ok_raw_present
scala,True,3,scala_2025-01-01T00-00-00Z_2026-01-01T00-00-00Z_page001.json,scala_2025-01-01T00-00-00Z_2026-01-01T00-00-00Z_page003.json,complete:1,0,0,ok_raw_present
selenium,True,17,chromedriver_2025-01-01T00-00-00Z_2026-01-01T00-00-00Z_page001.json,webdriver_2025-01-01T00-00-00Z_2026-01-01T00-00-00Z_page001.json,complete:5,0,0,ok_raw_present
shell,True,3,shell_2025-01-01T00-00-00Z_2026-01-01T00-00-00Z_page001.json,shell_2025-01-01T00-00-00Z_2026-01-01T00-00-00Z_page003.json,complete:1,0,0,ok_raw_present
spring,True,13,spring_2025-01-01T00-00-00Z_2026-01-01T00-00-00Z_page001.json,spring_2025-01-01T00-00-00Z_2026-01-01T00-00-00Z_page013.json,complete:1,0,0,ok_raw_present
spring-boot,True,23,spring-boot_2025-01-01T00-00-00Z_2026-01-01T00-00-00Z_page001.json,spring-boot_2025-01-01T00-00-00Z_2026-01-01T00-00-00Z_page023.json,complete:1,0,0,ok_raw_present
sql,True,20,sql_2025-01-01T00-00-00Z_2026-01-01T00-00-00Z_page001.json,sql_2025-01-01T00-00-00Z_2026-01-01T00-00-00Z_page020.json,complete:1,0,0,ok_raw_present
sql-server,True,12,sql-server_2025-01-01T00-00-00Z_2026-01-01T00-00-00Z_page001.json,sql-server_2025-01-01T00-00-00Z_2026-01-01T00-00-00Z_page012.json,complete:1,0,0,ok_raw_present
string,True,4,string_2025-01-01T00-00-00Z_2026-01-01T00-00-00Z_page001.json,string_2025-01-01T00-00-00Z_2026-01-01T00-00-00Z_page004.json,complete:1,0,0,ok_raw_present
swift,True,20,swift_2025-01-01T00-00-00Z_2026-01-01T00-00-00Z_page001.json,swift_2025-01-01T00-00-00Z_2026-01-01T00-00-00Z_page020.json,complete:1,0,0,ok_raw_present
swiftui,True,16,swiftui_2025-01-01T00-00-00Z_2026-01-01T00-00-00Z_page001.json,swiftui_2025-01-01T00-00-00Z_2026-01-01T00-00-00Z_page016.json,complete:1,0,0,ok_raw_present
tensorflow,True,4,tensorflow_2025-01-01T00-00-00Z_2026-01-01T00-00-00Z_page001.json,tensorflow_2025-01-01T00-00-00Z_2026-01-01T00-00-00Z_page004.json,complete:1,0,0,ok_raw_present
tkinter,True,4,tkinter_2025-01-01T00-00-00Z_2026-01-01T00-00-00Z_page001.json,tkinter_2025-01-01T00-00-00Z_2026-01-01T00-00-00Z_page004.json,complete:1,0,0,ok_raw_present
typescript,True,31,typescript_2025-01-01T00-00-00Z_2026-01-01T00-00-00Z_page001.json,typescript_2025-01-01T00-00-00Z_2026-01-01T00-00-00Z_page031.json,complete:1,0,0,ok_raw_present
unity-game-engine,True,6,unity-game-engine_2025-01-01T00-00-00Z_2026-01-01T00-00-00Z_page001.json,unity-game-engine_2025-01-01T00-00-00Z_2026-01-01T00-00-00Z_page006.json,complete:1,0,0,ok_raw_present
vba,True,13,vba_2025-01-01T00-00-00Z_2026-01-01T00-00-00Z_page001.json,vba_2025-01-01T00-00-00Z_2026-01-01T00-00-00Z_page013.json,complete:1,0,0,ok_raw_present
visual-studio,True,8,visual-studio_2025-01-01T00-00-00Z_2026-01-01T00-00-00Z_page001.json,visual-studio_2025-01-01T00-00-00Z_2026-01-01T00-00-00Z_page008.json,complete:1,0,0,ok_raw_present
visual-studio-code,True,15,visual-studio-code_2025-01-01T00-00-00Z_2026-01-01T00-00-00Z_page001.json,visual-studio-code_2025-01-01T00-00-00Z_2026-01-01T00-00-00Z_page015.json,complete:1,0,0,ok_raw_present
vue.js,True,7,vuedotjs_2025-01-01T00-00-00Z_2026-01-01T00-00-00Z_page001.json,vuedotjs_2025-01-01T00-00-00Z_2026-01-01T00-00-00Z_page007.json,complete:1,0,0,ok_raw_present
web-scraping,True,3,web-scraping_2025-01-01T00-00-00Z_2026-01-01T00-00-00Z_page001.json,web-scraping_2025-01-01T00-00-00Z_2026-01-01T00-00-00Z_page003.json,complete:1,0,0,ok_raw_present
windows,True,14,windows_2025-01-01T00-00-00Z_2026-01-01T00-00-00Z_page001.json,windows_2025-01-01T00-00-00Z_2026-01-01T00-00-00Z_page014.json,complete:1,0,0,ok_raw_present
wordpress,True,7,wordpress_2025-01-01T00-00-00Z_2026-01-01T00-00-00Z_page001.json,wordpress_2025-01-01T00-00-00Z_2026-01-01T00-00-00Z_page007.json,complete:1,0,0,ok_raw_present
wpf,True,4,wpf_2025-01-01T00-00-00Z_2026-01-01T00-00-00Z_page001.json,wpf_2025-01-01T00-00-00Z_2026-01-01T00-00-00Z_page004.json,complete:1,0,0,ok_raw_present
xcode,True,6,xcode_2025-01-01T00-00-00Z_2026-01-01T00-00-00Z_page001.json,xcode_2025-01-01T00-00-00Z_2026-01-01T00-00-00Z_page006.json,complete:1,0,0,ok_raw_present
xml,True,6,xml_2025-01-01T00-00-00Z_2026-01-01T00-00-00Z_page001.json,xml_2025-01-01T00-00-00Z_2026-01-01T00-00-00Z_page006.json,complete:1,0,0,ok_raw_present
